student_id,typing_speed,study_hours,break_count,sleep_hours,mood_score,device_usage_hours,task_completion,distraction_count,burnout_risk
1,53.93,7.41,2,6.96,7,8.58,61.99,3,Medium
2,40.44,6.19,3,6.17,6,7.07,66.5,3,Medium
3,51.78,7.85,3,5.89,5,7.53,61.15,4,Medium
4,41.69,6.01,2,5.11,7,7.23,62.73,6,Medium
5,40.95,8.0,2,5.22,5,7.63,52.6,4,Medium
6,41.48,8.49,4,5.18,5,8.32,68.59,4,Medium
7,48.86,8.02,3,6.18,7,6.4,66.44,5,Medium
8,59.34,6.73,2,6.26,5,8.0,58.4,5,Medium
9,24.27,12.54,2,3.08,2,12.19,12.9,12,High
10,80.0,3.54,4,8.11,10,3.3,81.08,1,Low
11,15.63,13.33,1,2.91,3,13.31,43.46,14,High
12,71.59,4.06,5,7.53,7,5.92,99.66,1,Low
13,52.86,8.91,3,6.63,4,7.02,63.15,5,Medium
14,23.0,11.43,1,4.3,2,9.86,43.12,8,High
15,20.83,13.68,1,2.63,1,12.59,33.84,11,High
16,28.67,11.31,0,2.59,2,9.92,43.66,14,High
17,65.14,3.36,5,7.52,7,4.93,88.26,1,Low
18,31.31,13.11,0,4.86,1,11.3,30.46,12,High
19,13.06,11.1,0,3.46,1,11.74,16.75,12,High
20,76.49,3.48,5,7.48,7,4.68,93.77,0,Low
21,56.73,6.46,3,6.52,6,7.79,75.99,4,Medium
22,72.4,3.24,7,7.22,10,3.23,96.28,3,Low
23,84.3,3.69,7,8.01,9,3.41,77.48,1,Low
24,60.27,7.75,4,5.1,7,6.2,56.0,3,Medium
25,63.29,5.15,7,8.2,8,3.71,99.28,2,Low
26,83.24,4.6,7,7.62,10,5.15,85.0,0,Low
27,68.44,5.7,7,8.14,10,4.49,83.26,0,Low
28,25.0,11.96,2,2.23,3,12.73,11.44,12,High
29,18.48,12.36,2,2.61,4,9.02,50.98,7,High
30,26.49,12.87,2,4.0,3,9.57,15.17,12,High
31,62.87,3.28,4,7.07,9,5.49,96.97,0,Low
32,76.07,5.11,4,8.63,10,4.01,95.63,2,Low
33,50.13,7.5,2,5.21,7,7.93,57.49,5,Medium
34,41.67,7.16,3,6.8,7,6.62,51.09,6,Medium
35,75.14,4.09,7,8.16,8,4.36,92.21,0,Low
36,68.77,3.1,7,7.72,9,3.4,89.19,1,Low
37,51.51,8.76,2,5.74,4,6.97,69.9,3,Medium
38,53.86,7.21,3,5.63,5,8.03,61.14,6,Medium
39,33.51,10.61,1,2.38,1,12.51,37.01,14,High
40,60.98,4.25,4,7.56,8,4.27,89.21,2,Low
41,73.99,4.58,4,8.65,8,3.24,93.29,0,Low
42,75.46,4.11,7,8.44,8,3.11,81.31,2,Low
43,66.41,4.96,5,7.38,7,4.39,99.3,3,Low
44,32.38,11.06,2,4.0,2,13.74,12.84,15,High
45,65.25,5.48,6,7.88,10,3.37,93.39,0,Low
46,72.71,4.16,6,7.59,9,5.91,98.56,2,Low
47,36.74,13.81,0,3.87,1,13.22,17.99,14,High
48,48.97,6.38,3,5.11,7,7.75,58.78,4,Medium
49,51.37,8.28,4,5.29,6,8.68,74.61,7,Medium
50,12.27,12.3,1,2.17,1,11.49,48.96,10,High
51,56.26,6.1,3,6.73,7,6.31,54.49,5,Medium
52,22.81,13.74,1,3.56,4,11.42,46.8,14,High
53,72.65,3.7,4,8.1,10,3.37,89.86,2,Low
54,61.37,7.69,3,6.69,6,7.25,53.03,5,Medium
55,68.63,4.9,5,7.29,10,4.34,88.82,2,Low
56,68.73,5.18,6,8.71,8,5.34,91.05,2,Low
57,60.18,7.22,3,6.43,7,8.18,70.4,7,Medium
58,73.57,3.42,6,7.33,7,5.96,94.31,3,Low
59,63.59,5.82,7,8.35,8,3.57,93.27,0,Low
60,30.79,13.34,0,4.23,1,9.38,14.61,13,High
61,79.85,3.28,6,8.75,7,4.93,76.62,3,Low
62,81.41,4.98,7,8.23,10,4.93,75.66,3,Low
63,51.28,8.61,3,5.46,6,8.8,69.28,5,Medium
64,84.8,3.85,4,7.42,7,4.4,95.9,0,Low
65,41.0,7.97,4,5.72,5,6.1,75.73,7,Medium
66,41.85,8.05,4,6.5,7,8.61,57.53,5,Medium
67,45.21,6.29,3,6.24,5,8.03,64.22,4,Medium
68,17.58,12.14,0,3.73,1,10.29,45.55,7,High
69,72.32,3.03,7,8.14,10,3.36,77.94,0,Low
70,43.11,7.71,2,5.56,7,7.47,60.57,7,Medium
71,79.19,3.26,5,7.31,10,3.96,89.85,1,Low
72,43.78,7.5,4,6.09,4,7.89,63.85,7,Medium
73,49.48,6.91,2,5.36,6,8.66,60.92,6,Medium
74,40.49,7.07,2,6.33,5,6.42,69.19,6,Medium
75,68.88,5.35,7,8.05,8,5.28,75.88,0,Low
76,62.65,3.45,5,8.75,9,5.63,85.85,3,Low
77,40.32,7.44,3,5.37,7,8.47,70.48,7,Medium
78,72.13,4.12,5,8.87,8,5.79,76.76,1,Low
79,48.8,8.35,4,5.91,5,6.08,65.69,3,Medium
80,71.8,3.04,7,7.11,8,3.11,81.89,2,Low
81,46.23,7.2,2,6.21,7,7.95,67.39,3,Medium
82,62.93,3.43,5,8.67,7,3.3,77.1,0,Low
83,82.23,4.35,4,7.3,10,5.96,86.08,3,Low
84,65.56,4.19,6,8.41,7,4.54,80.83,3,Low
85,66.47,3.49,6,8.52,10,4.56,80.12,0,Low
86,60.87,8.83,4,5.48,6,7.77,50.17,6,Medium
87,27.13,12.94,0,4.22,2,13.12,33.16,8,High
88,46.55,6.89,3,6.35,6,8.35,53.18,5,Medium
89,33.19,13.18,0,3.42,4,13.26,11.68,12,High
90,78.13,3.97,7,8.76,9,4.97,78.25,0,Low
91,63.72,4.39,7,7.19,10,5.59,89.72,1,Low
92,55.34,8.14,4,6.61,6,8.08,68.95,3,Medium
93,51.09,8.85,2,6.35,6,8.59,52.86,5,Medium
94,63.05,4.36,4,7.18,7,4.52,76.04,1,Low
95,35.13,11.44,2,2.17,2,11.54,28.57,12,High
96,57.33,6.75,2,5.72,7,8.54,73.46,4,Medium
97,28.62,12.83,2,4.64,1,9.96,39.49,15,High
98,69.91,4.87,6,8.4,7,3.44,98.16,1,Low
99,68.87,5.87,6,8.9,9,4.48,77.08,0,Low
100,37.47,11.32,1,4.79,2,10.38,26.32,11,High
101,61.02,6.74,2,5.28,6,8.56,50.34,6,Medium
102,60.99,4.81,6,7.28,10,4.41,86.26,0,Low
103,40.56,13.6,0,4.02,4,13.24,47.15,8,High
104,84.8,5.55,5,8.0,7,3.35,95.44,2,Low
105,60.47,8.03,3,5.82,5,7.65,70.54,4,Medium
106,50.34,7.51,3,5.16,6,8.37,73.81,6,Medium
107,48.63,8.25,4,6.3,4,6.71,67.61,7,Medium
108,17.22,10.06,1,4.88,3,9.33,50.94,9,High
109,75.19,4.54,5,7.09,7,3.66,79.66,2,Low
110,21.74,9.53,1,2.53,2,13.93,42.01,15,High
111,53.35,8.64,3,6.32,6,7.5,75.38,5,Medium
112,30.94,13.99,2,4.18,1,11.04,24.26,8,High
113,25.94,11.19,1,4.47,3,9.06,16.31,13,High
114,24.56,9.82,2,2.32,2,10.51,46.89,10,High
115,75.51,5.11,6,8.81,10,3.04,83.76,1,Low
116,47.85,8.78,3,6.61,4,6.67,58.36,4,Medium
117,84.34,5.91,7,8.3,10,5.27,75.61,2,Low
118,20.26,9.67,2,3.68,4,11.21,24.22,10,High
119,58.19,7.1,2,5.6,7,6.63,71.03,4,Medium
120,81.92,5.99,7,7.77,10,5.17,97.15,2,Low
121,16.13,11.37,2,4.85,2,11.65,33.96,11,High
122,61.17,7.86,3,6.61,5,7.64,54.69,5,Medium
123,59.27,8.72,2,6.47,5,6.32,74.79,4,Medium
124,64.37,4.51,4,8.65,7,4.1,76.7,1,Low
125,67.38,5.38,4,7.51,10,4.27,77.18,1,Low
126,61.78,6.94,4,5.28,7,7.33,56.79,4,Medium
127,45.77,6.94,3,6.77,7,7.39,59.87,7,Medium
128,46.69,6.69,4,5.1,7,8.9,55.83,6,Medium
129,27.32,9.26,1,2.61,2,13.56,38.79,7,High
130,17.81,13.83,2,3.65,2,10.74,46.72,10,High
131,54.58,8.61,2,5.88,6,7.45,68.04,6,Medium
132,17.24,9.66,2,4.4,3,10.12,45.14,8,High
133,66.63,3.53,7,7.12,10,4.9,80.72,0,Low
134,21.36,11.41,0,3.8,4,12.65,45.86,15,High
135,56.22,6.86,4,5.25,6,6.09,73.33,3,Medium
136,75.91,5.4,7,7.78,10,3.39,95.28,2,Low
137,77.35,4.63,6,8.2,10,3.54,97.71,1,Low
138,74.7,5.85,4,7.33,10,4.14,90.14,2,Low
139,69.97,5.45,7,8.67,10,4.52,92.4,2,Low
140,65.59,5.89,7,8.96,7,3.13,97.28,1,Low
141,71.64,4.63,4,8.68,8,3.09,75.93,1,Low
142,80.8,5.01,7,7.47,7,3.81,89.82,2,Low
143,61.33,8.2,2,6.71,6,8.84,53.67,4,Medium
144,82.4,3.97,7,7.59,10,3.34,87.15,3,Low
145,25.78,11.36,2,3.02,1,13.16,26.54,7,High
146,26.69,10.31,0,4.78,3,10.69,26.49,14,High
147,31.99,10.56,2,3.91,2,9.05,26.78,10,High
148,77.38,4.21,5,7.89,7,5.08,99.78,3,Low
149,33.55,10.38,0,2.51,3,13.99,20.81,10,High
150,69.3,4.36,6,7.76,9,4.32,79.89,3,Low
151,59.33,7.68,4,5.87,7,7.84,63.62,4,Medium
152,81.11,3.96,5,8.29,8,4.79,80.75,3,Low
153,23.79,9.99,1,2.96,4,11.14,34.01,13,High
154,61.59,6.57,4,6.46,4,8.83,74.96,7,Medium
155,23.24,12.75,1,2.42,4,10.39,30.43,14,High
156,57.27,8.2,4,5.4,6,8.36,65.63,6,Medium
157,63.91,5.56,6,7.13,8,4.69,83.65,1,Low
158,60.29,6.43,4,6.22,5,8.66,51.23,5,Medium
159,84.76,4.24,5,7.5,10,4.02,98.27,0,Low
160,31.35,9.63,0,4.3,2,10.62,43.59,7,High
161,56.09,8.84,2,6.57,6,6.74,68.14,6,Medium
162,41.51,10.05,2,4.86,2,12.85,27.45,11,High
163,44.16,7.38,3,5.43,4,8.51,55.12,5,Medium
164,58.18,7.76,2,6.01,7,7.66,71.47,4,Medium
165,33.89,9.73,0,4.2,3,13.91,25.7,14,High
166,49.55,6.38,2,5.42,6,6.91,69.0,5,Medium
167,80.63,4.49,5,7.3,10,4.0,94.62,1,Low
168,45.47,6.95,4,6.75,6,8.78,72.65,4,Medium
169,74.03,4.57,4,7.45,10,5.17,76.69,1,Low
170,70.28,4.04,6,7.47,10,4.99,99.08,2,Low
171,76.16,5.66,4,7.02,8,3.42,77.89,2,Low
172,54.66,8.36,2,5.82,5,6.75,68.34,4,Medium
173,83.24,5.49,7,7.82,7,5.19,98.46,3,Low
174,40.03,9.86,2,4.37,3,13.31,29.56,7,High
175,48.22,6.81,2,5.64,4,7.18,64.39,5,Medium
176,80.5,5.08,7,7.59,7,3.25,84.98,0,Low
177,67.58,3.79,5,7.76,8,5.81,88.85,2,Low
178,74.38,4.44,4,8.85,8,3.42,97.46,1,Low
179,13.41,13.11,0,3.06,1,9.24,48.89,8,High
180,47.2,6.49,4,5.77,4,7.67,65.29,4,Medium
181,55.33,7.49,2,5.67,7,8.94,63.32,7,Medium
182,52.55,6.63,4,6.65,6,7.06,70.29,6,Medium
183,65.88,5.49,7,7.69,10,4.75,99.99,0,Low
184,61.14,7.61,3,5.8,4,7.75,71.68,4,Medium
185,14.6,9.52,1,3.54,1,9.71,15.34,10,High
186,75.08,5.42,7,7.79,7,3.42,85.16,2,Low
187,80.46,4.59,6,8.01,7,3.09,91.89,1,Low
188,81.3,4.21,4,7.55,7,5.59,89.76,3,Low
189,24.1,13.28,0,3.65,2,10.02,45.81,7,High
190,43.66,7.14,3,6.8,5,8.18,73.99,3,Medium
191,18.6,9.11,2,3.97,2,11.98,32.11,12,High
192,37.83,13.45,2,3.48,2,12.35,43.67,12,High
193,61.88,6.61,3,6.92,4,8.75,70.22,4,Medium
194,77.33,5.46,5,7.33,7,5.85,78.11,2,Low
195,60.23,4.77,7,7.26,7,3.71,80.87,1,Low
196,52.15,7.25,3,5.42,4,8.61,68.99,3,Medium
197,71.26,5.25,4,7.87,10,4.06,96.04,2,Low
198,70.97,5.18,7,8.21,9,5.7,85.54,1,Low
199,53.33,8.55,4,5.23,7,7.02,62.44,4,Medium
200,80.56,5.85,7,8.16,7,4.25,98.32,1,Low
201,66.52,5.99,5,8.79,7,5.65,79.72,0,Low
202,47.54,8.59,4,5.54,5,7.45,57.86,6,Medium
203,58.05,8.03,2,5.38,7,7.73,58.0,3,Medium
204,53.14,7.96,3,5.59,5,8.84,73.01,6,Medium
205,30.11,9.92,1,2.99,2,11.89,35.35,8,High
206,48.75,8.92,3,5.12,6,8.13,57.06,6,Medium
207,66.93,5.73,6,7.86,7,4.17,78.11,2,Low
208,28.51,13.56,2,3.5,3,10.89,44.57,14,High
209,48.62,8.69,4,6.55,6,7.26,50.47,3,Medium
210,12.09,13.11,1,4.64,3,9.64,36.66,13,High
211,83.27,5.92,5,8.1,7,5.21,88.65,2,Low
212,65.49,5.92,7,7.28,8,4.7,99.63,2,Low
213,35.72,11.54,0,4.14,1,11.22,15.81,7,High
214,12.11,13.86,0,4.94,1,10.78,37.98,12,High
215,48.42,8.52,4,6.01,4,6.08,64.39,7,Medium
216,66.11,3.34,5,7.2,7,4.26,97.63,2,Low
217,55.12,8.88,2,5.45,4,7.89,69.23,5,Medium
218,84.89,4.34,7,7.12,10,3.27,99.04,0,Low
219,12.01,9.94,2,2.61,2,12.62,15.58,12,High
220,49.95,8.22,4,6.35,5,8.63,70.1,5,Medium
221,83.43,5.12,5,7.16,9,5.71,97.73,3,Low
222,45.76,7.87,2,5.38,4,8.73,64.79,3,Medium
223,39.02,11.94,0,3.22,2,12.78,42.56,12,High
224,71.06,3.72,5,8.43,10,5.8,90.96,0,Low
225,11.13,10.62,1,2.87,2,10.78,28.34,8,High
226,65.31,3.55,4,8.23,8,4.57,85.8,0,Low
227,52.69,7.68,3,5.29,5,6.76,74.41,5,Medium
228,75.02,5.23,4,7.54,8,3.21,81.36,0,Low
229,16.24,10.57,2,3.92,2,13.67,36.13,9,High
230,53.58,6.47,3,6.56,7,6.43,66.22,6,Medium
231,82.31,3.56,6,8.06,8,5.38,75.87,2,Low
232,29.31,13.03,1,4.21,1,10.56,34.11,13,High
233,53.17,6.6,3,6.01,4,7.41,50.74,6,Medium
234,47.88,8.74,4,5.44,6,6.42,64.99,7,Medium
235,60.45,4.48,7,8.49,10,5.23,93.02,3,Low
236,83.39,5.36,7,8.21,9,4.12,98.5,0,Low
237,82.86,5.44,4,7.76,8,4.58,81.15,3,Low
238,14.62,11.21,0,2.95,1,11.93,10.35,8,High
239,83.02,4.85,5,7.92,8,3.35,78.13,3,Low
240,81.09,3.76,4,7.25,10,3.32,82.87,3,Low
241,73.12,4.2,7,7.58,10,3.7,77.27,1,Low
242,64.55,5.37,6,7.09,10,4.67,92.98,1,Low
243,51.31,8.21,4,6.99,5,6.28,69.45,3,Medium
244,28.66,12.59,2,3.17,4,11.29,26.17,15,High
245,78.24,5.3,5,7.45,10,3.41,93.78,3,Low
246,63.47,3.01,4,8.19,10,4.82,94.86,2,Low
247,60.96,8.9,2,6.71,5,8.15,56.43,3,Medium
248,60.81,3.84,4,8.63,10,3.81,78.33,2,Low
249,62.84,5.01,5,7.95,9,4.56,96.3,1,Low
250,78.21,5.33,7,7.11,10,4.64,99.62,1,Low
251,73.89,5.31,4,8.51,9,3.74,86.26,1,Low
252,28.8,9.87,0,2.53,2,11.86,50.97,7,High
253,41.96,9.27,0,3.18,4,9.77,28.02,12,High
254,39.91,12.63,2,2.72,3,12.02,31.64,15,High
255,77.07,3.73,7,7.47,7,5.41,88.81,2,Low
256,64.9,5.69,5,7.32,10,4.67,79.15,3,Low
257,59.02,7.76,2,5.14,4,8.27,61.5,4,Medium
258,14.91,10.83,2,2.05,1,12.99,39.0,13,High
259,38.25,11.36,1,2.47,1,11.31,47.02,12,High
260,60.33,5.83,5,8.62,7,3.05,80.77,3,Low
261,52.19,7.6,3,6.46,7,8.75,58.52,3,Medium
262,51.43,6.22,4,5.41,4,8.22,66.4,4,Medium
263,77.18,5.53,6,8.06,7,5.6,83.85,2,Low
264,75.38,3.92,7,8.31,8,4.28,78.27,3,Low
265,76.77,3.77,4,7.62,7,5.16,98.85,0,Low
266,25.37,11.43,1,2.87,2,13.0,28.5,14,High
267,24.26,13.83,2,4.12,3,9.7,33.34,14,High
268,65.69,5.89,4,8.2,8,4.6,96.75,0,Low
269,46.5,8.8,3,6.0,7,7.2,65.56,3,Medium
270,78.65,4.65,4,8.59,10,4.4,75.86,1,Low
271,47.6,7.24,3,6.76,5,7.06,52.74,6,Medium
272,81.92,4.03,5,8.07,9,5.54,78.19,3,Low
273,16.05,10.41,0,3.56,4,9.41,18.04,12,High
274,77.25,3.6,7,7.82,8,4.35,93.9,0,Low
275,43.68,7.5,2,6.29,4,7.95,57.16,5,Medium
276,84.03,5.53,4,7.54,7,4.76,99.13,3,Low
277,72.01,3.31,4,7.21,8,3.43,87.47,1,Low
278,49.05,6.72,4,6.58,7,8.02,71.43,4,Medium
279,63.35,3.04,6,8.73,7,4.6,93.75,2,Low
280,15.73,13.46,1,2.76,3,13.92,12.06,14,High
281,52.61,6.98,4,6.12,5,6.02,75.44,6,Medium
282,16.0,12.75,1,2.78,3,9.93,17.46,12,High
283,74.84,5.38,6,8.22,8,4.08,97.65,3,Low
284,71.54,3.03,4,8.48,9,5.98,77.48,3,Low
285,70.33,3.21,4,7.49,10,4.22,89.82,2,Low
286,56.93,8.8,4,5.03,6,8.66,55.18,6,Medium
287,66.42,5.0,4,7.91,8,3.28,89.91,3,Low
288,45.91,7.89,3,5.53,7,8.85,66.44,5,Medium
289,70.95,5.7,4,8.6,9,5.61,84.39,1,Low
290,39.01,9.96,0,4.16,3,9.21,24.24,7,High
291,22.39,12.92,1,3.77,2,12.67,20.34,15,High
292,35.02,11.42,0,3.54,3,10.71,43.21,7,High
293,57.68,7.3,2,6.12,4,7.34,51.82,5,Medium
294,42.27,7.64,3,6.11,5,8.11,60.99,5,Medium
295,81.84,5.17,6,8.48,7,3.2,88.35,3,Low
296,54.87,8.12,3,5.63,7,6.75,50.05,6,Medium
297,29.08,12.55,2,2.53,3,9.19,33.34,14,High
298,61.59,7.71,4,5.92,5,7.78,51.9,4,Medium
299,78.88,4.28,5,8.09,8,3.09,96.06,3,Low
300,84.51,5.71,7,7.44,8,3.15,91.75,3,Low
301,49.16,7.54,2,6.78,4,6.53,64.76,3,Medium
302,49.23,8.34,3,6.78,5,6.61,65.37,3,Medium
303,42.32,8.29,3,5.02,4,6.78,54.15,7,Medium
304,51.6,8.72,4,6.35,6,8.43,74.63,6,Medium
305,40.04,10.47,1,4.9,2,12.45,45.41,8,High
306,25.49,9.32,1,3.81,2,13.98,27.64,13,High
307,61.74,3.52,4,8.31,7,5.51,81.98,2,Low
308,48.46,7.38,2,5.41,7,6.36,74.28,3,Medium
309,30.65,12.25,2,4.42,4,9.37,21.22,14,High
310,41.0,6.65,4,6.32,5,6.32,72.7,5,Medium
311,60.38,7.26,3,5.43,7,7.72,60.22,7,Medium
312,50.23,8.54,3,5.26,7,6.2,75.36,3,Medium
313,49.09,8.03,3,5.56,6,7.19,54.73,5,Medium
314,60.19,6.32,3,5.11,5,6.82,66.24,4,Medium
315,51.93,6.45,4,5.83,5,8.13,54.35,3,Medium
316,42.62,8.29,4,5.87,7,7.49,59.89,6,Medium
317,73.61,3.02,6,8.26,8,4.19,92.39,3,Low
318,72.05,3.59,6,7.89,10,3.62,87.91,1,Low
319,41.23,7.83,4,5.17,4,6.24,53.83,3,Medium
320,68.98,4.78,5,8.3,7,5.91,81.45,0,Low
321,73.79,3.49,7,7.75,7,4.44,99.63,2,Low
322,66.13,4.17,7,7.87,10,5.16,82.43,2,Low
323,69.6,4.72,7,7.41,10,4.09,83.36,0,Low
324,53.62,6.56,2,5.57,7,7.48,70.71,5,Medium
325,19.94,11.57,2,4.73,4,10.8,31.98,10,High
326,43.49,6.77,4,6.19,7,8.32,72.17,7,Medium
327,66.05,3.04,7,7.57,8,4.8,82.43,2,Low
328,58.23,8.37,4,5.43,6,8.86,58.5,4,Medium
329,60.99,6.37,3,5.67,7,6.21,75.79,3,Medium
330,72.43,5.3,7,7.36,7,3.23,93.83,1,Low
331,60.48,7.98,3,6.19,6,8.54,56.75,5,Medium
332,82.05,4.18,5,7.84,10,4.87,87.36,0,Low
333,42.39,8.94,4,5.96,4,7.03,66.32,7,Medium
334,44.32,6.38,3,6.05,6,7.44,65.22,6,Medium
335,69.36,5.85,6,8.56,7,3.47,78.9,2,Low
336,81.25,5.01,5,8.72,9,4.95,88.64,3,Low
337,51.27,7.05,4,6.49,4,8.16,52.88,6,Medium
338,48.28,6.7,2,6.11,4,6.28,62.64,4,Medium
339,39.65,12.55,1,2.38,3,9.42,50.37,12,High
340,45.05,7.41,3,6.88,7,6.5,53.83,5,Medium
341,57.31,7.19,3,6.49,7,8.96,57.58,4,Medium
342,42.55,6.13,2,5.78,6,8.53,67.57,7,Medium
343,66.64,3.39,4,7.09,8,5.59,95.24,3,Low
344,80.94,4.0,5,8.04,10,4.82,84.48,0,Low
345,77.68,3.15,5,8.42,10,3.89,80.81,2,Low
346,51.68,7.95,4,6.93,7,8.33,55.33,4,Medium
347,58.77,8.79,4,5.32,6,8.26,55.6,6,Medium
348,35.18,11.55,2,2.35,3,10.42,25.41,8,High
349,66.0,3.23,4,7.92,10,3.46,78.47,3,Low
350,40.97,13.45,0,2.52,3,9.14,20.11,13,High
351,63.21,3.85,6,8.08,10,5.52,84.8,2,Low
352,82.54,4.38,6,7.99,10,5.69,90.92,2,Low
353,13.42,10.19,0,2.32,4,9.84,28.89,7,High
354,77.7,4.45,7,8.12,9,3.75,83.26,1,Low
355,82.0,4.97,4,8.11,10,5.45,90.37,1,Low
356,70.67,5.4,5,7.41,7,4.87,84.44,3,Low
357,62.22,3.66,6,8.6,9,6.0,98.33,0,Low
358,49.85,6.4,3,5.6,5,6.73,63.02,7,Medium
359,82.06,5.41,5,7.64,7,4.25,99.6,0,Low
360,60.46,5.74,4,8.63,7,3.82,88.85,0,Low
361,51.85,6.18,3,5.12,4,8.79,62.93,3,Medium
362,58.34,8.44,2,5.88,6,6.77,52.75,6,Medium
363,70.2,4.66,6,7.46,9,4.52,89.88,0,Low
364,56.7,6.31,2,6.42,6,7.11,74.26,4,Medium
365,65.97,3.33,5,7.59,8,3.89,80.84,0,Low
366,83.12,5.63,6,7.46,10,5.45,88.88,3,Low
367,27.36,12.27,1,4.27,4,11.45,15.47,8,High
368,66.19,4.68,7,7.98,9,4.95,83.15,1,Low
369,67.48,4.08,5,7.67,9,3.63,98.94,2,Low
370,33.07,10.29,1,2.08,1,10.5,28.77,7,High
371,80.66,5.4,5,8.94,7,4.55,89.93,0,Low
372,43.69,6.36,3,6.75,6,8.79,61.19,6,Medium
373,74.76,3.8,4,7.69,10,4.66,85.9,3,Low
374,83.29,5.21,5,7.82,9,3.02,92.39,3,Low
375,71.0,3.37,4,8.67,9,5.73,81.47,3,Low
376,54.97,6.82,4,5.33,6,8.37,53.1,5,Medium
377,49.4,6.62,4,6.08,4,8.6,73.8,7,Medium
378,83.12,5.76,7,8.11,10,3.23,79.16,0,Low
379,36.77,11.56,1,2.03,4,9.85,18.11,8,High
380,22.7,11.16,0,2.01,4,10.67,33.75,13,High
381,73.76,3.13,5,7.22,7,4.8,95.48,1,Low
382,72.44,5.16,4,7.02,7,3.79,81.66,2,Low
383,15.17,13.8,0,2.04,3,11.67,38.22,9,High
384,83.36,4.05,5,7.33,10,3.77,82.12,2,Low
385,71.37,4.55,5,7.69,8,3.42,75.75,0,Low
386,37.63,10.7,0,4.82,2,13.64,12.69,7,High
387,44.0,8.23,4,5.13,4,8.95,61.71,7,Medium
388,74.12,3.2,5,8.43,8,4.57,86.02,1,Low
389,38.23,11.17,2,4.98,1,12.62,14.68,15,High
390,33.76,10.14,0,2.87,1,9.84,24.55,14,High
391,80.54,4.12,7,8.54,8,3.0,78.97,1,Low
392,63.42,5.13,6,7.59,9,4.26,81.41,3,Low
393,50.14,8.49,4,6.42,5,7.21,62.19,7,Medium
394,68.42,3.4,6,8.1,8,3.97,95.25,0,Low
395,47.14,6.7,4,5.69,5,8.46,61.45,3,Medium
396,83.54,4.16,4,8.3,9,3.59,76.73,2,Low
397,55.69,8.0,2,5.56,6,8.85,68.27,3,Medium
398,51.15,7.23,4,6.67,4,8.18,70.12,4,Medium
399,13.78,9.23,0,4.53,2,9.5,26.12,10,High
400,32.03,10.3,2,4.99,1,9.49,31.6,9,High
401,76.8,5.28,6,7.48,8,4.1,90.81,1,Low
402,42.03,7.8,4,6.3,5,7.92,68.3,5,Medium
403,61.77,8.67,3,5.39,5,7.41,67.06,6,Medium
404,54.72,8.68,2,5.17,6,8.37,60.82,4,Medium
405,59.81,8.38,2,6.68,7,8.84,57.69,7,Medium
406,43.71,6.16,4,6.92,7,8.55,59.97,3,Medium
407,23.83,13.83,1,2.91,3,10.95,49.02,11,High
408,81.61,4.64,6,7.83,9,3.33,85.56,0,Low
409,63.0,4.03,7,7.09,7,3.93,99.49,0,Low
410,53.91,6.47,3,5.83,6,6.81,55.26,5,Medium
411,58.88,8.99,4,6.14,7,7.23,53.38,6,Medium
412,29.41,9.83,1,2.03,2,9.43,29.02,13,High
413,37.45,10.52,1,2.53,4,10.49,41.98,13,High
414,61.44,5.09,4,7.86,7,3.43,78.03,1,Low
415,13.65,12.22,0,3.5,1,12.23,28.79,11,High
416,51.84,8.98,3,5.19,4,7.6,72.33,6,Medium
417,43.03,6.0,2,5.28,4,6.63,60.82,7,Medium
418,15.97,9.94,1,3.2,3,11.94,44.45,12,High
419,55.54,6.93,4,6.67,6,6.02,74.4,7,Medium
420,45.97,6.38,4,7.0,7,8.95,69.61,7,Medium
421,64.66,5.68,6,7.65,9,5.69,82.95,0,Low
422,47.18,6.06,3,5.38,7,8.59,53.09,3,Medium
423,41.55,6.56,2,6.49,6,8.44,67.81,5,Medium
424,49.04,7.68,2,5.17,6,8.4,52.72,7,Medium
425,51.32,8.42,3,5.86,4,7.21,73.26,7,Medium
426,60.31,4.11,5,8.41,7,4.58,87.79,3,Low
427,66.29,3.82,7,7.46,7,5.27,76.17,2,Low
428,65.96,5.04,6,8.51,7,4.13,88.36,3,Low
429,49.13,7.16,4,6.23,5,7.94,51.6,3,Medium
430,69.4,4.18,5,7.78,8,5.68,98.88,0,Low
431,81.98,3.78,6,7.5,7,3.66,99.46,1,Low
432,78.78,3.21,5,7.64,7,5.83,91.71,0,Low
433,74.3,4.54,6,7.09,7,4.19,77.18,0,Low
434,61.27,6.16,2,5.62,7,8.59,54.66,5,Medium
435,64.63,3.52,4,8.1,8,5.29,81.63,1,Low
436,68.96,3.35,6,8.7,10,3.99,76.59,2,Low
437,83.3,3.31,7,7.35,10,3.2,82.52,0,Low
438,70.76,3.43,7,8.52,9,3.46,75.64,3,Low
439,19.25,13.76,2,3.7,2,11.69,33.61,11,High
440,57.1,8.02,3,5.59,6,8.42,60.34,6,Medium
441,60.44,3.73,5,8.74,10,5.31,77.83,0,Low
442,49.49,7.04,4,5.23,4,8.08,61.91,7,Medium
443,24.28,11.75,2,3.1,3,11.6,29.46,12,High
444,51.51,6.68,4,5.75,6,7.33,54.25,5,Medium
445,47.42,8.19,2,6.59,5,8.97,50.66,7,Medium
446,40.64,8.72,2,5.44,7,8.64,64.48,5,Medium
447,61.92,8.1,3,6.11,6,8.82,63.77,7,Medium
448,66.68,5.64,6,8.74,10,5.55,96.68,0,Low
449,47.35,8.19,4,5.74,7,8.41,72.53,3,Medium
450,47.02,7.25,4,5.57,5,6.27,58.29,4,Medium
451,49.77,8.68,4,6.67,5,8.83,56.17,6,Medium
452,21.48,12.16,2,2.33,3,10.53,49.45,9,High
453,60.15,3.3,5,7.6,10,3.34,96.05,3,Low
454,74.52,3.82,4,8.54,7,4.01,88.06,0,Low
455,73.32,3.97,6,7.38,8,5.98,91.55,0,Low
456,46.95,6.17,2,6.67,5,6.99,67.57,5,Medium
457,15.52,13.36,0,2.25,3,11.59,12.99,12,High
458,49.2,7.07,4,5.7,6,6.48,62.27,5,Medium
459,79.34,5.94,4,8.11,8,3.51,81.17,2,Low
460,40.32,7.14,3,5.04,7,8.85,50.82,5,Medium
461,77.39,4.36,4,8.39,9,5.7,76.14,3,Low
462,67.9,4.76,5,8.63,9,5.14,97.49,0,Low
463,41.98,6.58,3,5.67,7,6.86,57.27,4,Medium
464,39.61,13.34,2,4.66,3,12.57,35.56,12,High
465,80.85,5.22,4,7.01,10,5.31,91.46,2,Low
466,62.8,4.19,7,8.83,9,5.45,81.45,3,Low
467,67.53,5.24,6,8.15,7,5.7,84.6,1,Low
468,54.22,8.92,4,6.35,7,8.7,70.36,3,Medium
469,58.42,6.51,3,6.56,6,6.51,61.79,6,Medium
470,60.95,6.68,4,6.73,7,8.03,66.25,4,Medium
471,57.52,8.26,2,5.59,7,8.79,53.27,5,Medium
472,64.81,3.12,4,7.69,8,3.53,77.22,0,Low
473,20.95,9.97,0,3.73,1,9.42,38.09,9,High
474,79.22,3.2,4,8.96,7,4.04,80.23,2,Low
475,76.33,5.81,7,7.47,7,5.37,91.62,1,Low
476,23.33,9.78,0,3.69,1,9.89,46.43,14,High
477,19.19,10.64,1,3.2,3,9.19,47.62,7,High
478,17.78,12.72,0,2.57,4,13.5,37.26,9,High
479,61.84,6.47,4,5.23,5,8.38,67.14,3,Medium
480,41.69,6.7,2,6.67,4,6.91,56.88,4,Medium
481,56.85,6.02,3,5.86,5,6.43,50.48,4,Medium
482,79.99,4.88,6,8.02,9,5.76,76.53,1,Low
483,67.34,3.04,6,8.41,9,5.37,90.15,1,Low
484,65.65,4.92,4,7.07,9,4.07,91.2,1,Low
485,61.68,6.5,4,6.6,5,7.89,55.71,6,Medium
486,61.27,5.66,6,7.75,8,4.32,91.8,2,Low
487,82.83,4.53,4,8.26,10,4.95,92.55,3,Low
488,68.42,3.89,5,8.08,9,5.28,99.7,1,Low
489,82.59,5.97,6,8.98,9,4.2,95.95,1,Low
490,56.09,8.09,2,5.93,5,8.53,62.61,5,Medium
491,30.33,9.21,2,2.7,3,10.83,14.25,9,High
492,49.37,8.5,2,5.44,4,6.68,71.25,7,Medium
493,34.6,9.31,1,3.4,3,9.18,12.16,13,High
494,62.17,4.61,5,8.12,10,4.29,78.19,0,Low
495,43.65,7.34,2,5.1,4,6.41,75.87,4,Medium
496,82.02,5.62,6,8.76,8,3.39,83.38,1,Low
497,56.84,6.0,2,5.12,5,6.16,75.3,7,Medium
498,47.52,8.22,4,5.7,5,7.71,64.77,7,Medium
499,24.82,11.43,2,3.91,3,9.65,25.41,8,High
500,41.45,11.68,2,2.43,2,12.51,10.59,8,High
501,46.46,6.8,4,5.31,7,8.12,67.23,4,Medium
502,68.35,3.72,4,8.36,9,5.1,79.73,0,Low
503,70.03,3.88,7,7.81,9,3.07,89.58,2,Low
504,33.14,11.54,2,2.33,2,9.11,42.91,12,High
505,33.46,13.98,0,4.87,3,11.67,26.63,10,High
506,12.56,10.8,0,3.66,2,9.58,23.37,13,High
507,60.56,6.91,4,6.77,6,8.07,75.11,6,Medium
508,72.29,4.57,5,8.52,9,4.82,97.97,2,Low
509,40.81,12.04,2,3.42,3,9.18,36.99,10,High
510,26.92,10.67,0,4.18,1,13.03,17.62,12,High
511,76.86,4.6,5,8.61,10,3.64,95.47,2,Low
512,50.09,8.18,3,6.33,7,7.99,55.18,7,Medium
513,68.51,5.6,6,7.61,9,3.21,94.08,0,Low
514,62.77,4.32,6,7.06,9,4.43,89.08,3,Low
515,81.43,5.72,5,7.34,8,3.42,80.05,3,Low
516,24.37,11.89,1,3.96,2,10.58,14.37,11,High
517,71.09,5.6,5,7.51,7,5.51,98.62,1,Low
518,82.72,3.0,5,8.66,7,3.78,79.83,0,Low
519,21.48,12.05,1,2.88,2,9.12,10.16,15,High
520,67.52,3.85,4,7.53,8,4.51,76.29,0,Low
521,84.82,3.39,5,7.33,10,4.27,85.28,3,Low
522,61.06,8.67,4,5.83,7,8.03,66.08,6,Medium
523,38.37,11.05,1,2.75,2,11.09,15.92,14,High
524,78.85,5.41,7,8.96,8,5.18,82.62,2,Low
525,50.08,8.34,3,6.54,5,7.81,71.72,6,Medium
526,53.53,8.73,3,6.55,4,6.15,50.91,3,Medium
527,11.57,11.86,1,4.99,1,10.75,34.45,14,High
528,74.83,4.95,4,8.74,8,3.99,86.75,0,Low
529,56.97,7.96,4,6.95,6,7.63,56.08,4,Medium
530,73.36,4.07,5,7.73,8,3.99,83.04,1,Low
531,47.71,8.74,3,5.91,5,8.15,68.36,6,Medium
532,69.36,4.11,7,7.47,9,5.96,93.83,1,Low
533,40.0,8.14,2,6.11,5,6.04,64.05,7,Medium
534,63.04,3.59,5,7.03,7,3.86,95.4,2,Low
535,31.89,9.95,0,2.9,4,9.36,43.55,10,High
536,42.61,6.87,4,6.84,6,7.48,63.33,3,Medium
537,67.86,5.42,4,7.27,8,5.07,88.03,3,Low
538,83.97,3.17,5,7.91,10,4.01,79.24,3,Low
539,42.45,7.71,3,5.41,6,6.72,61.54,7,Medium
540,56.32,8.55,4,6.22,5,6.98,68.53,5,Medium
541,70.81,5.83,7,8.71,10,4.19,81.86,2,Low
542,66.65,3.45,5,7.3,10,3.73,91.29,2,Low
543,70.34,3.37,6,7.25,10,3.54,88.13,2,Low
544,47.68,7.56,2,6.35,4,7.03,62.01,3,Medium
545,78.81,5.12,6,8.49,8,3.61,92.85,0,Low
546,31.13,11.61,1,3.24,1,13.7,11.96,13,High
547,57.02,8.24,2,5.86,4,7.39,56.86,7,Medium
548,34.57,12.76,2,2.64,2,13.13,38.76,11,High
549,52.02,7.25,3,5.34,7,7.33,70.73,4,Medium
550,68.38,5.41,4,8.21,9,4.19,88.43,2,Low
551,63.48,5.38,4,7.99,8,5.68,94.71,1,Low
552,49.56,8.17,3,6.99,7,7.84,66.58,4,Medium
553,57.67,8.96,2,6.48,7,7.94,66.25,5,Medium
554,69.43,3.12,5,8.37,7,4.97,84.63,1,Low
555,38.22,13.8,2,4.55,1,12.32,24.08,14,High
556,19.51,9.68,1,2.28,4,12.21,42.09,12,High
557,69.47,3.02,6,7.14,8,4.79,77.53,3,Low
558,79.23,3.03,5,7.27,7,3.06,81.5,1,Low
559,62.13,3.16,7,7.82,9,4.91,93.15,0,Low
560,76.91,3.4,7,7.77,7,5.91,81.57,3,Low
561,84.37,5.17,6,8.39,7,5.86,97.7,2,Low
562,34.77,9.26,0,4.0,4,11.39,15.37,10,High
563,40.93,11.2,0,3.88,4,12.58,38.16,13,High
564,60.7,7.87,3,6.09,7,8.54,60.27,3,Medium
565,69.12,4.16,4,8.56,8,3.64,87.12,1,Low
566,58.15,7.55,2,6.08,7,6.87,74.21,7,Medium
567,42.76,6.76,2,5.39,4,7.48,53.16,4,Medium
568,66.48,4.29,6,7.75,10,3.56,95.07,1,Low
569,73.32,4.91,7,7.23,8,3.36,76.71,0,Low
570,22.37,11.1,2,3.65,1,9.39,46.13,11,High
571,83.73,4.19,7,8.87,7,4.45,81.75,2,Low
572,83.36,5.78,6,7.25,7,5.95,95.97,1,Low
573,38.59,11.16,0,4.96,4,10.95,46.38,7,High
574,78.45,4.66,5,8.46,9,3.74,83.9,0,Low
575,81.35,3.15,7,7.07,10,3.85,86.57,0,Low
576,41.76,12.49,2,3.05,3,12.51,25.24,12,High
577,80.0,4.28,6,8.02,7,4.62,90.84,2,Low
578,56.99,7.88,3,6.36,7,7.88,60.03,3,Medium
579,63.0,5.75,7,7.54,9,3.48,97.05,3,Low
580,51.7,8.62,4,6.78,6,8.44,58.5,3,Medium
581,60.68,3.2,5,7.69,10,4.62,87.45,1,Low
582,66.8,4.94,4,8.64,7,3.91,79.12,2,Low
583,12.18,10.58,2,2.8,1,12.89,45.19,12,High
584,12.04,9.37,0,4.61,4,13.83,48.73,9,High
585,16.96,10.83,1,4.93,3,11.09,28.22,11,High
586,50.47,6.33,3,6.54,4,6.16,69.96,4,Medium
587,50.73,6.25,4,6.97,5,8.47,51.48,4,Medium
588,47.12,8.0,3,5.25,5,6.4,52.45,3,Medium
589,84.17,5.89,4,7.15,7,4.16,96.28,3,Low
590,82.07,4.55,6,8.65,10,4.99,88.59,0,Low
591,80.47,4.81,5,8.16,9,5.32,81.62,0,Low
592,19.82,9.29,0,2.38,3,9.51,10.49,9,High
593,61.92,6.41,4,5.79,5,6.03,68.98,7,Medium
594,27.69,12.7,2,2.26,4,10.69,17.36,15,High
595,10.59,9.72,2,3.74,2,10.22,22.54,11,High
596,73.55,5.62,7,8.28,7,4.98,92.31,1,Low
597,73.49,5.18,5,7.26,9,3.28,99.13,2,Low
598,44.26,7.92,2,5.69,7,8.69,57.73,5,Medium
599,41.66,7.08,4,6.96,4,6.68,73.29,4,Medium
600,51.34,7.49,3,5.22,7,8.45,65.53,5,Medium
601,77.37,5.64,5,8.62,7,3.32,86.41,3,Low
602,83.07,4.4,6,8.48,7,4.76,75.82,2,Low
603,73.08,3.86,7,8.51,7,4.9,94.95,2,Low
604,80.63,3.84,5,8.2,9,3.49,94.66,2,Low
605,44.08,7.62,2,5.9,5,8.84,71.9,3,Medium
606,10.83,10.43,0,2.16,1,10.42,46.14,7,High
607,69.21,5.59,7,8.09,10,3.56,96.72,0,Low
608,61.67,3.69,6,7.23,8,4.0,93.26,1,Low
609,53.02,6.5,4,6.0,5,7.64,71.84,4,Medium
610,51.16,7.91,4,5.94,5,7.3,61.61,4,Medium
611,75.42,5.94,4,7.23,8,4.9,88.5,2,Low
612,64.34,4.91,7,8.57,9,5.06,99.78,3,Low
613,13.18,12.83,2,4.61,2,13.33,34.63,14,High
614,43.01,7.61,4,5.37,6,6.18,55.82,7,Medium
615,43.21,8.81,4,6.49,5,7.88,71.01,3,Medium
616,41.2,6.55,2,6.46,6,7.9,68.88,5,Medium
617,35.47,10.53,2,4.8,4,9.76,15.34,7,High
618,59.62,8.55,3,6.13,6,6.24,58.12,4,Medium
619,23.01,13.26,0,4.79,1,10.22,19.32,10,High
620,67.58,4.61,4,8.04,7,3.81,99.13,2,Low
621,16.55,11.83,0,2.43,1,11.3,21.45,7,High
622,78.28,3.58,7,8.94,9,5.39,93.63,3,Low
623,40.49,10.2,0,2.76,4,13.38,21.13,8,High
624,75.57,5.24,4,8.19,8,5.58,86.44,3,Low
625,82.69,3.75,4,8.08,7,3.69,76.92,2,Low
626,46.13,7.96,4,5.53,6,8.33,71.36,6,Medium
627,60.63,5.89,6,7.86,10,4.23,79.33,0,Low
628,38.79,12.91,2,4.61,2,12.03,12.34,7,High
629,33.45,11.54,1,4.23,1,13.17,27.5,14,High
630,52.69,6.2,4,7.0,6,8.8,70.84,7,Medium
631,33.24,10.1,2,3.94,3,11.74,36.65,10,High
632,50.99,7.61,4,6.87,7,7.26,63.0,5,Medium
633,62.38,4.13,5,7.88,7,3.49,81.84,3,Low
634,46.36,7.13,3,6.09,6,7.78,68.22,4,Medium
635,20.83,9.04,1,4.57,4,9.73,16.55,15,High
636,68.71,3.48,7,7.1,7,5.6,99.83,0,Low
637,74.77,5.03,6,8.42,9,3.68,91.13,3,Low
638,22.99,13.85,1,3.48,3,11.12,39.3,13,High
639,60.2,6.31,3,6.68,4,6.12,50.94,3,Medium
640,40.34,11.43,1,4.56,3,9.35,48.3,10,High
641,63.08,4.68,6,7.93,10,4.96,96.14,1,Low
642,73.71,4.79,7,7.75,10,3.04,89.68,3,Low
643,71.75,3.84,5,7.74,7,5.86,83.27,1,Low
644,20.35,9.92,2,4.03,4,10.78,38.58,12,High
645,80.67,5.95,4,8.21,8,4.17,84.64,3,Low
646,60.83,6.32,3,6.22,6,8.21,72.96,5,Medium
647,41.19,13.13,0,3.11,4,11.52,37.15,8,High
648,22.25,12.15,2,2.65,4,10.55,41.25,7,High
649,41.2,6.61,2,6.72,5,6.0,73.79,4,Medium
650,29.0,12.77,2,4.73,1,11.03,50.35,8,High
651,79.94,3.93,4,7.3,7,3.22,84.81,1,Low
652,39.2,9.89,0,4.42,1,10.33,37.18,10,High
653,32.07,13.73,1,3.31,3,11.59,10.31,13,High
654,54.56,7.45,4,6.61,4,6.31,51.27,6,Medium
655,24.53,10.51,2,3.85,1,12.74,21.16,7,High
656,36.84,13.39,0,3.65,4,10.67,20.42,12,High
657,57.02,6.13,4,5.15,6,6.69,67.72,4,Medium
658,33.67,9.43,1,3.31,1,11.35,12.02,15,High
659,79.97,5.99,7,7.11,7,4.21,87.0,0,Low
660,25.79,13.62,1,4.19,1,10.27,30.05,15,High
661,66.16,5.46,4,7.0,9,3.82,89.76,2,Low
662,20.34,13.45,1,3.58,2,10.33,14.9,12,High
663,17.43,13.41,1,2.86,1,13.35,36.08,12,High
664,17.57,11.42,2,4.35,4,9.53,44.34,15,High
665,69.48,5.78,7,8.15,10,5.34,95.7,0,Low
666,79.56,4.7,4,7.22,8,4.21,83.18,1,Low
667,54.47,7.92,3,5.68,4,8.71,56.95,5,Medium
668,80.15,3.17,4,7.16,9,3.05,92.42,3,Low
669,44.31,6.42,3,6.69,6,7.73,53.82,7,Medium
670,50.65,8.24,4,6.34,7,8.87,74.51,7,Medium
671,33.08,9.92,0,4.0,3,9.12,20.2,8,High
672,48.34,8.75,3,6.69,7,7.64,57.13,4,Medium
673,15.07,9.31,2,4.92,1,11.01,30.61,11,High
674,50.74,6.4,2,6.82,7,7.8,63.36,3,Medium
675,72.56,4.62,4,7.46,10,5.32,75.31,2,Low
676,61.2,5.85,7,7.09,9,3.05,98.34,3,Low
677,71.86,4.03,7,8.46,7,5.11,89.96,0,Low
678,57.36,8.68,2,5.84,5,7.13,75.07,7,Medium
679,41.63,11.33,2,3.01,4,11.18,16.43,8,High
680,75.72,5.21,5,8.98,10,4.63,87.85,0,Low
681,41.7,6.51,2,6.59,5,7.56,56.39,3,Medium
682,38.67,9.52,2,2.62,3,9.84,49.7,8,High
683,17.99,10.72,1,3.55,2,11.57,14.08,8,High
684,83.49,5.68,5,8.45,9,3.27,79.9,0,Low
685,29.85,11.72,1,2.87,1,10.36,41.17,15,High
686,64.88,5.17,6,8.14,10,4.94,79.43,3,Low
687,46.03,8.42,2,5.28,5,7.01,75.44,5,Medium
688,57.26,7.8,4,5.49,6,7.62,65.73,6,Medium
689,79.7,5.59,4,8.65,8,3.48,76.58,3,Low
690,77.51,4.76,5,7.55,7,5.79,94.56,2,Low
691,44.32,6.64,2,6.5,4,7.68,72.31,7,Medium
692,56.46,7.68,2,6.64,5,8.38,50.83,4,Medium
693,61.07,7.7,2,6.11,6,7.65,59.88,7,Medium
694,59.59,6.34,3,6.0,7,7.79,72.9,3,Medium
695,23.68,9.8,1,3.36,1,9.53,30.75,15,High
696,72.65,4.32,7,8.7,10,3.65,90.49,3,Low
697,61.54,8.02,2,5.27,6,8.03,65.45,4,Medium
698,65.64,5.11,7,8.21,8,4.8,90.05,3,Low
699,48.75,8.29,4,6.55,6,6.66,53.42,6,Medium
700,66.56,4.79,6,8.69,9,4.79,83.36,1,Low
701,38.49,10.31,0,3.74,2,13.76,43.77,7,High
702,42.45,8.6,2,5.25,4,8.03,50.99,6,Medium
703,13.24,12.12,2,4.71,3,10.17,36.21,12,High
704,48.75,8.48,2,6.35,5,6.61,58.85,5,Medium
705,18.52,9.16,1,4.45,1,13.67,18.47,14,High
706,40.29,6.89,4,6.35,4,8.17,60.0,7,Medium
707,79.27,4.27,5,7.33,9,3.55,77.26,2,Low
708,74.94,4.8,4,7.99,8,5.74,85.47,3,Low
709,48.83,8.38,3,5.83,6,8.85,55.46,6,Medium
710,26.3,11.73,0,3.28,4,9.97,48.98,9,High
711,61.28,8.15,4,6.23,7,7.43,73.35,6,Medium
712,41.3,8.07,2,6.9,5,8.78,52.37,6,Medium
713,82.31,4.33,7,8.9,8,4.78,92.57,3,Low
714,46.11,6.83,3,6.83,7,6.2,63.49,3,Medium
715,69.09,5.2,7,7.3,10,5.4,99.19,2,Low
716,84.93,4.28,4,8.71,9,5.38,92.34,3,Low
717,60.58,4.95,4,8.15,8,3.21,76.93,1,Low
718,36.34,10.18,1,4.94,2,11.98,14.41,8,High
719,57.15,6.05,3,5.51,4,8.67,75.79,3,Medium
720,65.45,4.94,5,8.97,8,5.7,92.28,0,Low
721,35.57,11.54,1,4.54,2,10.05,32.02,8,High
722,65.26,4.04,7,7.02,10,3.22,88.36,0,Low
723,54.35,8.34,4,5.51,7,7.53,51.59,5,Medium
724,62.07,4.54,4,7.59,10,3.68,99.4,2,Low
725,60.28,5.25,4,7.74,9,5.27,96.05,1,Low
726,53.85,6.16,2,5.64,6,6.57,70.36,4,Medium
727,75.29,3.05,7,8.19,10,4.7,92.42,3,Low
728,79.27,5.13,5,7.69,8,3.22,96.31,1,Low
729,80.43,4.36,6,7.08,10,5.19,77.04,1,Low
730,43.26,8.04,2,6.9,4,8.16,64.65,7,Medium
731,82.35,3.58,7,7.73,8,4.06,76.74,0,Low
732,42.76,6.05,4,5.77,4,6.36,56.91,7,Medium
733,31.84,13.36,0,2.11,3,10.93,20.96,11,High
734,14.2,10.55,1,3.43,3,12.8,37.73,10,High
735,10.88,11.02,0,4.84,3,12.36,17.11,13,High
736,32.06,10.42,1,2.39,1,12.8,35.41,13,High
737,34.11,9.66,1,4.01,4,9.45,27.14,13,High
738,66.94,3.66,5,8.33,9,5.93,86.47,3,Low
739,54.48,8.99,3,5.71,4,8.62,61.75,3,Medium
740,41.82,8.79,2,5.72,6,7.69,72.53,6,Medium
741,13.99,13.81,1,2.55,1,9.4,11.93,15,High
742,18.82,10.66,0,4.3,4,13.99,11.33,12,High
743,49.48,6.94,4,5.87,6,8.5,75.63,6,Medium
744,14.99,10.22,0,4.87,4,12.52,26.5,8,High
745,69.93,4.44,6,7.01,8,3.97,99.33,2,Low
746,44.59,6.18,2,5.08,5,8.62,65.0,7,Medium
747,31.82,13.44,0,3.2,3,13.66,14.3,8,High
748,34.0,13.03,1,2.21,4,13.61,30.6,7,High
749,24.73,10.09,1,4.03,3,9.36,18.16,7,High
750,37.74,13.47,0,2.65,2,11.72,40.36,9,High
751,61.75,6.68,4,5.96,7,6.29,54.6,5,Medium
752,17.85,12.59,0,4.92,4,12.07,46.59,15,High
753,26.55,13.24,1,3.37,3,10.01,20.87,7,High
754,82.33,3.19,5,7.51,7,4.53,90.66,2,Low
755,13.26,12.64,0,3.11,2,10.0,22.53,12,High
756,52.86,6.4,4,6.64,5,8.88,61.21,3,Medium
757,70.12,4.96,6,7.74,10,4.44,79.42,0,Low
758,17.05,9.52,1,2.44,4,11.62,37.34,11,High
759,46.51,7.78,3,5.41,4,7.09,57.68,5,Medium
760,58.86,8.02,4,6.12,4,6.67,68.58,3,Medium
761,65.04,3.49,4,7.37,9,5.0,88.08,3,Low
762,51.23,6.36,3,5.13,6,8.58,53.57,4,Medium
763,75.2,5.29,5,8.49,10,5.87,75.46,2,Low
764,29.01,12.6,1,2.25,2,10.23,47.51,12,High
765,47.27,7.69,3,5.05,6,8.07,71.41,7,Medium
766,55.39,6.99,2,6.13,6,6.59,63.34,7,Medium
767,63.25,5.51,4,8.91,7,4.42,86.1,1,Low
768,37.98,9.22,1,3.97,1,12.76,10.72,11,High
769,41.49,13.53,1,3.69,3,11.29,20.62,7,High
770,70.77,5.69,4,8.8,7,4.96,84.5,3,Low
771,16.04,11.07,1,3.37,3,12.92,10.43,14,High
772,59.59,7.79,4,6.62,4,8.25,73.74,3,Medium
773,79.67,3.34,6,7.92,10,5.38,87.43,3,Low
774,46.17,6.4,4,6.22,6,7.14,51.42,5,Medium
775,46.94,7.93,2,6.36,5,6.6,73.15,6,Medium
776,10.68,11.09,1,2.86,3,11.82,18.4,8,High
777,40.7,7.6,4,6.62,5,8.96,69.62,4,Medium
778,60.04,4.91,6,8.44,9,3.18,90.09,1,Low
779,70.07,3.52,5,7.45,8,5.93,91.02,0,Low
780,44.22,7.67,4,5.68,6,8.55,52.19,5,Medium
781,54.67,6.36,2,5.51,6,8.62,63.0,5,Medium
782,53.5,8.69,4,5.27,6,7.09,66.67,7,Medium
783,78.7,5.44,7,7.31,8,4.01,98.2,2,Low
784,71.01,3.91,7,8.42,8,3.17,83.56,3,Low
785,74.43,5.6,5,7.91,10,5.48,94.11,3,Low
786,77.24,5.03,6,8.88,8,4.18,91.28,1,Low
787,26.55,9.59,1,4.25,4,11.96,29.78,9,High
788,15.57,11.73,1,3.33,3,10.16,30.17,8,High
789,50.96,8.23,3,5.19,6,6.25,70.99,6,Medium
790,60.63,5.08,7,7.63,10,4.39,78.44,2,Low
791,40.32,6.62,2,5.77,7,6.58,73.15,7,Medium
792,60.69,7.95,3,5.4,5,7.43,65.65,7,Medium
793,20.8,9.45,0,4.57,3,11.3,19.17,15,High
794,35.05,11.21,2,3.89,2,10.91,28.17,14,High
795,24.92,10.81,2,4.22,3,12.92,16.89,8,High
796,45.98,6.65,2,6.27,5,7.33,51.1,6,Medium
797,39.31,11.51,0,2.41,3,10.72,12.53,7,High
798,10.22,12.82,2,3.23,2,11.61,36.28,7,High
799,57.24,6.83,4,6.36,6,8.63,75.24,7,Medium
800,36.88,11.72,0,2.49,4,12.28,32.03,11,High
801,46.22,7.26,2,5.66,5,8.0,74.26,6,Medium
802,34.69,13.58,2,3.05,1,9.26,42.1,8,High
803,49.26,7.81,4,5.95,7,6.75,67.01,4,Medium
804,31.38,9.67,1,4.32,3,9.07,46.72,15,High
805,84.2,3.27,6,7.81,10,4.44,85.51,0,Low
806,81.57,3.65,4,7.36,7,4.93,90.18,3,Low
807,54.94,7.89,4,5.5,6,8.59,53.44,7,Medium
808,72.03,5.65,6,7.68,9,4.21,89.31,3,Low
809,56.45,8.43,2,5.36,7,6.13,65.07,3,Medium
810,72.17,5.72,6,8.59,8,4.94,91.72,0,Low
811,50.63,8.51,4,5.23,7,7.22,58.53,6,Medium
812,64.35,4.19,5,7.98,7,3.46,95.4,1,Low
813,56.33,6.73,4,5.1,6,8.56,74.76,5,Medium
814,20.24,12.82,1,2.38,3,11.09,11.82,13,High
815,41.4,12.15,0,4.13,3,13.93,43.65,15,High
816,16.99,9.27,2,2.8,2,9.86,27.67,9,High
817,22.67,10.0,1,4.66,4,13.58,41.24,12,High
818,46.91,7.5,2,6.75,5,8.76,61.02,4,Medium
819,81.71,3.25,6,7.37,9,4.61,98.1,1,Low
820,40.15,6.64,2,5.5,6,7.21,73.0,6,Medium
821,68.84,3.71,4,7.6,10,5.47,85.59,1,Low
822,56.02,7.8,3,6.71,5,7.72,58.88,7,Medium
823,47.72,7.09,4,5.1,5,6.63,52.2,3,Medium
824,56.82,6.44,3,6.89,4,6.98,51.4,5,Medium
825,53.67,7.0,2,6.76,4,6.21,70.38,4,Medium
826,55.94,6.33,2,5.38,6,6.52,59.87,4,Medium
827,40.82,13.59,1,2.79,3,11.24,14.18,13,High
828,60.77,3.77,7,7.35,7,5.18,93.57,3,Low
829,70.18,3.2,6,8.1,8,5.42,98.69,1,Low
830,41.28,13.27,0,2.68,3,9.52,22.11,15,High
831,64.7,5.16,7,7.9,8,5.46,88.87,3,Low
832,34.21,11.37,2,4.09,1,9.2,23.37,7,High
833,36.64,13.96,0,2.55,4,12.37,50.18,9,High
834,73.5,3.1,5,7.11,9,3.69,76.29,0,Low
835,64.99,4.54,7,7.93,7,4.82,79.26,2,Low
836,20.17,9.04,1,4.45,4,9.19,30.72,11,High
837,45.59,6.89,4,6.36,7,8.72,60.3,6,Medium
838,21.61,12.01,2,3.09,3,11.42,39.87,15,High
839,55.23,6.7,2,6.32,5,6.66,51.56,7,Medium
840,44.82,6.34,3,5.58,5,6.08,59.89,5,Medium
841,59.23,6.75,3,6.5,4,8.61,70.61,6,Medium
842,48.41,6.4,3,6.94,6,6.9,66.71,3,Medium
843,45.26,8.27,4,5.63,7,8.8,66.13,7,Medium
844,66.06,3.81,4,7.36,9,3.97,80.29,1,Low
845,17.73,12.41,2,4.55,3,9.44,37.75,12,High
846,51.38,7.24,2,6.37,5,6.22,64.97,5,Medium
847,53.51,6.76,4,6.38,5,8.47,71.34,5,Medium
848,42.32,8.35,2,5.1,4,7.5,60.01,3,Medium
849,55.55,7.12,4,6.31,6,8.79,59.86,4,Medium
850,84.24,5.14,6,8.59,9,4.3,93.6,1,Low
851,60.13,3.48,5,7.97,9,4.96,80.61,0,Low
852,25.38,9.34,2,2.09,4,13.39,18.36,13,High
853,15.63,10.18,0,4.74,1,9.07,47.77,14,High
854,60.79,5.81,6,8.23,7,5.13,96.77,1,Low
855,66.77,4.93,7,8.6,9,3.47,92.9,0,Low
856,83.51,4.19,6,8.87,7,5.03,93.38,1,Low
857,20.93,10.08,2,4.37,4,11.71,49.7,11,High
858,76.71,4.86,5,8.0,7,5.59,87.98,1,Low
859,43.64,6.01,3,6.06,7,7.54,54.2,3,Medium
860,20.84,11.03,1,4.41,3,12.2,44.87,9,High
861,75.66,4.47,6,8.56,9,5.64,90.59,0,Low
862,72.65,5.52,4,7.83,7,4.77,87.71,2,Low
863,46.41,6.62,4,5.61,6,8.13,74.37,4,Medium
864,60.71,6.52,4,5.12,6,7.88,64.31,7,Medium
865,82.11,5.1,6,7.18,7,5.17,82.01,3,Low
866,41.85,7.18,4,6.61,4,7.99,65.66,4,Medium
867,46.28,7.59,2,5.37,5,7.21,62.59,5,Medium
868,82.41,3.04,6,8.47,7,3.08,79.54,3,Low
869,80.66,3.96,6,7.2,10,3.03,97.63,3,Low
870,51.92,8.82,3,5.8,4,7.85,69.22,3,Medium
871,59.69,6.45,3,6.24,6,8.95,52.24,7,Medium
872,63.52,3.53,6,7.33,7,5.74,84.06,2,Low
873,38.63,10.34,2,2.79,4,13.48,38.11,8,High
874,43.05,7.74,4,6.74,6,8.79,58.89,7,Medium
875,30.49,10.57,0,2.1,1,11.9,16.83,13,High
876,35.76,13.84,1,3.48,1,12.48,37.55,12,High
877,67.33,3.99,6,7.43,7,5.37,94.74,0,Low
878,39.11,13.26,0,2.68,1,11.84,31.79,7,High
879,77.83,5.28,5,7.47,8,4.48,88.07,2,Low
880,77.64,5.78,6,8.11,8,5.75,75.85,0,Low
881,75.38,5.97,5,7.51,8,5.63,93.52,0,Low
882,52.58,8.96,2,5.83,5,8.61,67.65,4,Medium
883,79.81,4.38,6,7.79,10,5.56,92.77,1,Low
884,81.0,5.32,7,8.31,9,5.6,99.08,3,Low
885,22.06,12.02,1,2.03,3,13.66,33.6,13,High
886,76.6,4.42,4,8.41,10,4.76,96.71,3,Low
887,18.28,10.74,0,2.02,2,13.69,37.87,12,High
888,71.85,3.29,7,8.61,10,3.52,85.85,2,Low
889,11.01,9.61,1,2.93,1,12.12,15.5,7,High
890,76.27,5.62,6,8.12,9,4.17,84.49,1,Low
891,58.08,6.3,4,5.61,6,7.45,51.49,4,Medium
892,46.83,7.51,3,6.31,4,7.94,54.05,7,Medium
893,47.37,6.94,3,5.71,6,8.47,67.91,7,Medium
894,63.45,4.99,5,8.39,7,3.09,79.17,3,Low
895,45.5,6.22,3,6.74,5,7.25,60.98,7,Medium
896,67.52,5.94,6,8.85,7,3.36,99.35,1,Low
897,51.57,8.28,2,5.39,6,8.4,54.68,6,Medium
898,49.52,8.06,2,5.14,5,7.12,74.56,7,Medium
899,53.55,8.53,4,5.47,6,7.5,68.36,3,Medium
900,40.12,13.31,0,3.65,1,10.66,15.12,7,High
901,39.75,9.62,0,2.16,4,11.32,15.46,7,High
902,10.92,12.22,0,2.71,2,10.73,17.08,14,High
903,77.02,3.57,4,7.43,7,5.5,90.73,0,Low
904,75.63,5.35,6,8.63,9,4.98,88.83,1,Low
905,70.44,4.39,5,7.04,9,3.56,84.6,3,Low
906,58.37,8.78,3,5.13,4,8.25,61.21,3,Medium
907,41.97,8.73,3,5.79,7,6.37,58.0,3,Medium
908,46.08,8.12,4,6.17,7,6.01,56.42,3,Medium
909,57.99,8.69,3,6.3,4,6.41,57.2,4,Medium
910,54.8,6.24,4,6.68,5,7.15,62.83,7,Medium
911,14.34,10.3,1,3.16,4,12.05,44.23,9,High
912,19.93,11.0,1,2.85,4,13.77,47.66,14,High
913,78.07,5.46,5,8.11,10,4.43,95.96,0,Low
914,53.28,8.59,3,5.35,4,7.59,57.49,4,Medium
915,84.76,3.6,5,8.66,9,3.01,76.1,3,Low
916,71.48,4.0,7,8.42,8,3.17,93.05,1,Low
917,25.03,11.28,2,3.9,4,11.52,44.04,11,High
918,26.95,11.0,1,3.06,3,10.04,42.76,9,High
919,46.0,7.02,2,5.89,5,6.57,50.13,4,Medium
920,74.85,4.14,5,8.66,7,5.51,86.72,2,Low
921,68.31,4.63,6,8.3,8,4.21,80.51,1,Low
922,74.21,3.28,6,8.27,8,3.73,99.33,0,Low
923,28.67,13.42,2,2.05,2,12.32,27.19,7,High
924,44.08,7.8,3,5.85,7,8.17,69.39,3,Medium
925,58.78,6.73,3,5.22,7,8.85,75.87,5,Medium
926,57.3,8.2,3,5.03,6,8.52,50.3,4,Medium
927,79.96,5.47,7,8.16,7,4.29,82.97,3,Low
928,64.5,5.09,4,8.79,9,4.55,99.33,0,Low
929,70.54,3.08,5,7.56,10,5.12,99.32,2,Low
930,20.52,10.39,0,3.49,3,12.8,18.45,11,High
931,56.66,6.89,4,5.21,5,6.57,54.8,4,Medium
932,66.69,5.37,4,8.04,7,3.76,80.51,3,Low
933,19.03,11.93,2,2.02,4,9.66,42.69,14,High
934,80.24,5.3,5,7.9,8,3.46,80.88,3,Low
935,76.72,5.0,7,8.28,9,4.68,84.57,2,Low
936,73.72,4.84,5,7.92,7,4.29,78.52,1,Low
937,43.55,7.72,2,6.52,7,7.64,69.08,6,Medium
938,78.35,5.29,5,8.38,9,5.62,88.18,3,Low
939,76.47,5.83,5,7.88,7,3.84,98.26,3,Low
940,83.75,5.36,6,8.18,9,5.64,98.62,2,Low
941,26.02,13.56,2,3.94,2,13.48,33.53,8,High
942,29.14,12.01,0,2.86,1,11.72,32.95,10,High
943,48.67,7.81,3,5.94,5,7.74,74.33,3,Medium
944,11.1,12.19,0,4.6,3,10.46,32.36,8,High
945,57.73,6.02,4,6.03,6,6.76,69.31,4,Medium
946,30.68,13.37,2,2.19,3,11.86,34.91,14,High
947,56.86,7.75,2,6.04,5,8.41,63.47,3,Medium
948,36.26,12.8,1,3.82,2,10.71,32.41,12,High
949,75.95,3.77,4,8.19,8,3.43,81.86,2,Low
950,46.6,7.79,3,6.26,7,6.35,64.21,3,Medium
951,20.59,10.24,2,3.6,3,12.42,18.7,9,High
952,59.9,7.94,3,5.35,7,8.45,69.68,3,Medium
953,46.87,7.28,3,5.63,4,6.7,60.54,5,Medium
954,67.8,3.96,5,7.46,7,3.6,96.7,3,Low
955,10.31,9.38,2,4.82,1,9.04,28.73,15,High
956,43.06,6.03,2,5.44,5,7.11,59.29,3,Medium
957,44.72,6.81,3,5.13,4,7.27,55.6,3,Medium
958,59.49,8.45,3,6.47,4,6.86,72.87,3,Medium
959,45.81,8.82,3,5.45,5,6.81,54.96,4,Medium
960,60.58,5.44,4,7.99,8,5.09,90.72,0,Low
961,55.42,6.61,4,5.4,6,6.15,73.7,3,Medium
962,61.82,7.62,3,6.86,7,6.49,56.24,6,Medium
963,19.58,9.5,0,4.45,1,10.3,13.79,8,High
964,49.58,8.86,3,6.39,5,7.58,56.73,3,Medium
965,84.81,5.78,7,7.49,8,4.56,90.59,1,Low
966,73.95,4.21,5,8.94,10,3.74,92.41,2,Low
967,84.18,3.55,4,7.3,10,4.25,77.22,1,Low
968,53.82,6.74,2,6.1,5,7.17,54.98,6,Medium
969,73.49,5.37,4,8.48,7,5.66,90.4,1,Low
970,61.04,3.25,6,8.32,9,3.21,75.3,0,Low
971,23.15,10.09,0,2.39,4,11.06,15.95,7,High
972,63.84,4.36,5,8.52,9,5.39,82.35,3,Low
973,80.16,4.43,6,7.22,10,3.01,91.0,0,Low
974,25.75,13.93,2,2.63,4,12.44,43.41,11,High
975,48.89,7.59,3,5.53,4,7.39,75.05,6,Medium
976,42.61,6.64,4,5.49,6,6.73,56.96,6,Medium
977,78.26,4.8,6,8.81,10,5.63,83.26,1,Low
978,39.22,10.94,2,2.4,2,9.93,28.26,12,High
979,82.66,3.75,7,7.74,9,4.35,94.42,3,Low
980,52.75,6.07,2,5.2,6,8.9,64.3,7,Medium
981,70.37,3.26,4,7.37,9,4.79,76.68,2,Low
982,47.3,8.34,2,5.56,4,7.94,71.94,7,Medium
983,39.76,11.29,1,4.33,3,9.25,29.2,15,High
984,73.38,3.7,4,8.19,10,4.07,91.22,1,Low
985,60.77,4.16,5,7.79,8,5.27,86.46,1,Low
986,75.92,4.66,6,8.81,10,4.64,86.27,2,Low
987,59.17,8.02,2,5.14,5,7.87,64.87,5,Medium
988,80.54,4.38,4,7.51,8,5.48,83.38,1,Low
989,61.84,3.51,5,7.9,10,5.49,85.77,3,Low
990,55.18,6.43,4,5.15,4,8.78,51.78,3,Medium
991,65.68,4.27,5,8.89,10,5.74,78.48,1,Low
992,49.05,6.38,3,5.03,7,8.42,71.89,6,Medium
993,70.44,3.67,6,7.54,10,5.83,83.08,3,Low
994,43.78,6.5,4,6.76,6,6.37,60.81,5,Medium
995,78.61,5.04,7,8.92,9,4.43,77.07,0,Low
996,64.68,3.97,6,7.4,10,3.73,77.87,1,Low
997,80.04,5.88,7,7.74,7,4.64,86.36,3,Low
998,28.63,10.5,2,3.42,2,13.29,24.14,7,High
999,53.98,6.27,3,6.84,4,7.33,57.16,3,Medium
1000,65.93,3.31,5,7.73,10,3.48,79.66,1,Low
